{
  "timestamp": "20260208T170137Z",
  "universe_map_plus": "/home/fahbrain/projects/omnimind/data/reports/maps/universe_map_plus_20260208T151956Z.jsonl",
  "gamma_source": "/home/fahbrain/projects/omnimind/data/test_reports/gamma_top32_norm.npz",
  "lyman_source": "/home/fahbrain/projects/omnimind/data/test_reports/lyman_top32_norm.npz",
  "method": "amostragem_deterministica_por_casa (proxy local)",
  "per_house_redshift": {
    "Aleph": {
      "count": 8324,
      "mean": 0.13440432056166046,
      "median": 0.0,
      "std": 0.4644796578357668,
      "min": -0.0033132487442344427,
      "max": 7.011244773864746
    },
    "Sigma": {
      "count": 427,
      "mean": 0.7942008239060738,
      "median": 0.5943587422370911,
      "std": 0.7373443981523414,
      "min": -0.0031123433727771044,
      "max": 6.493023872375488
    },
    "Axiom": {
      "count": 0,
      "mean": 0.0,
      "median": 0.0,
      "std": 0.0,
      "min": 0.0,
      "max": 0.0
    },
    "Psi": {
      "count": 345,
      "mean": 0.751942571063175,
      "median": 0.5449935793876648,
      "std": 0.9628916185982315,
      "min": -0.0010216960217803717,
      "max": 6.54372501373291
    },
    "Phi": {
      "count": 1006,
      "mean": 0.8794706329005815,
      "median": 0.6432821452617645,
      "std": 0.9069277576130742,
      "min": -0.007385131437331438,
      "max": 7.002197742462158
    },
    "Mu": {
      "count": 1141,
      "mean": 0.9180706865448302,
      "median": 0.6046294569969177,
      "std": 0.9203210360145042,
      "min": -0.009136121720075607,
      "max": 6.730526447296143
    },
    "C_plit": {
      "count": 1246,
      "mean": 0.8545081920320534,
      "median": 0.5486297607421875,
      "std": 0.9507302051674602,
      "min": -0.0037919911555945873,
      "max": 6.69087028503418
    },
    "Lambda": {
      "count": 896,
      "mean": 1.0571207617564973,
      "median": 0.6953480839729309,
      "std": 0.9570674839197115,
      "min": -0.004136077594012022,
      "max": 6.904150009155273
    },
    "Gamma": {
      "count": 442,
      "mean": 0.750447075370698,
      "median": 0.5217386484146118,
      "std": 0.8755916834457821,
      "min": -0.0028695398941636086,
      "max": 5.604107856750488
    },
    "Epsilon": {
      "count": 0,
      "mean": 0.0,
      "median": 0.0,
      "std": 0.0,
      "min": 0.0,
      "max": 0.0
    },
    "Omega": {
      "count": 239,
      "mean": 0.7338609608165433,
      "median": 0.5388712286949158,
      "std": 0.8464817030189472,
      "min": -0.0026511664036661386,
      "max": 6.970198631286621
    },
    "Zeta": {
      "count": 934,
      "mean": 0.7321683066578079,
      "median": 0.540573388338089,
      "std": 0.7646798529340804,
      "min": -0.0033180227037519217,
      "max": 6.592398643493652
    }
  },
  "per_house_gamma": {
    "Aleph": {
      "count": 8324,
      "mean": 0.10778497263488807,
      "median": 0.054160429164767265,
      "std": 0.15043020195418866,
      "min": 0.0,
      "max": 1.0
    },
    "Sigma": {
      "count": 428,
      "mean": 0.0918448398291067,
      "median": 0.04344526305794716,
      "std": 0.13592013278567877,
      "min": 0.0,
      "max": 0.8928074240684509
    },
    "Axiom": {
      "count": 1,
      "mean": 0.0,
      "median": 0.0,
      "std": 0.0,
      "min": 0.0,
      "max": 0.0
    },
    "Psi": {
      "count": 346,
      "mean": 0.1020324661322759,
      "median": 0.059027379378676414,
      "std": 0.13397400717316568,
      "min": 0.0,
      "max": 0.8093558549880981
    },
    "Phi": {
      "count": 1006,
      "mean": 0.1096223102881586,
      "median": 0.05281290225684643,
      "std": 0.15252521502226754,
      "min": 0.0,
      "max": 0.9733208417892456
    },
    "Mu": {
      "count": 1141,
      "mean": 0.10802099285269,
      "median": 0.05585716292262077,
      "std": 0.1441047321681718,
      "min": 0.0,
      "max": 0.980688214302063
    },
    "C_plit": {
      "count": 1247,
      "mean": 0.10024233243233044,
      "median": 0.05136801302433014,
      "std": 0.14129803094514237,
      "min": 0.0,
      "max": 0.9150015711784363
    },
    "Lambda": {
      "count": 896,
      "mean": 0.11469041689497317,
      "median": 0.06177402846515179,
      "std": 0.1602173195335625,
      "min": 0.0,
      "max": 1.0
    },
    "Gamma": {
      "count": 442,
      "mean": 0.11283869242970673,
      "median": 0.058319222182035446,
      "std": 0.1521558959648699,
      "min": 0.0,
      "max": 0.9491792917251587
    },
    "Epsilon": {
      "count": 0,
      "mean": 0.0,
      "median": 0.0,
      "std": 0.0,
      "min": 0.0,
      "max": 0.0
    },
    "Omega": {
      "count": 239,
      "mean": 0.12212287615882389,
      "median": 0.06040619686245918,
      "std": 0.17494418316695892,
      "min": 0.0,
      "max": 0.8605640530586243
    },
    "Zeta": {
      "count": 934,
      "mean": 0.1164433636704903,
      "median": 0.05706971138715744,
      "std": 0.16112851687351806,
      "min": 0.0,
      "max": 1.0
    }
  },
  "per_house_lyman": {
    "Aleph": {
      "count": 8324,
      "mean": 0.04206800666511254,
      "median": 0.012074619997292757,
      "std": 0.07618634088618594,
      "min": 3.465351738896061e-08,
      "max": 0.9968963265419006
    },
    "Sigma": {
      "count": 428,
      "mean": 0.04076549039889076,
      "median": 0.013184875249862671,
      "std": 0.06814780951043876,
      "min": 6.719005796185229e-08,
      "max": 0.5799022316932678
    },
    "Axiom": {
      "count": 1,
      "mean": 0.021539747714996338,
      "median": 0.021539747714996338,
      "std": 0.0,
      "min": 0.021539747714996338,
      "max": 0.021539747714996338
    },
    "Psi": {
      "count": 346,
      "mean": 0.03979335017080365,
      "median": 0.012605598662048578,
      "std": 0.06590448100265661,
      "min": 9.266671696650519e-08,
      "max": 0.5241181254386902
    },
    "Phi": {
      "count": 1006,
      "mean": 0.04464838515188164,
      "median": 0.012222112156450748,
      "std": 0.08625276556505973,
      "min": 1.1613046524416859e-07,
      "max": 1.0
    },
    "Mu": {
      "count": 1141,
      "mean": 0.04502037766216112,
      "median": 0.012820600531995296,
      "std": 0.07870381504071494,
      "min": 1.1115771769709681e-07,
      "max": 0.7309794425964355
    },
    "C_plit": {
      "count": 1247,
      "mean": 0.04098760401641599,
      "median": 0.012409863993525505,
      "std": 0.07464064598186895,
      "min": 5.264666924631456e-08,
      "max": 0.9414010047912598
    },
    "Lambda": {
      "count": 896,
      "mean": 0.038233746126439316,
      "median": 0.011326996609568596,
      "std": 0.07277745992756808,
      "min": 1.0120901805521498e-07,
      "max": 0.857348620891571
    },
    "Gamma": {
      "count": 442,
      "mean": 0.04164132461692621,
      "median": 0.010386278852820396,
      "std": 0.08441255171661621,
      "min": 1.4513290125250933e-07,
      "max": 0.8762785196304321
    },
    "Epsilon": {
      "count": 0,
      "mean": 0.0,
      "median": 0.0,
      "std": 0.0,
      "min": 0.0,
      "max": 0.0
    },
    "Omega": {
      "count": 239,
      "mean": 0.03782565733242277,
      "median": 0.01080351322889328,
      "std": 0.06857561809182716,
      "min": 1.35915257715169e-07,
      "max": 0.4761626422405243
    },
    "Zeta": {
      "count": 934,
      "mean": 0.045594509943062404,
      "median": 0.012641369830816984,
      "std": 0.08563369236687061,
      "min": 9.085360375138407e-08,
      "max": 0.871985137462616
    }
  },
  "per_house_ratio": {
    "Aleph": {
      "count": 8324,
      "mean": 8839.123938036764,
      "median": 2.4756257078186366,
      "std": 37630.04194946792,
      "min": 0.0,
      "max": 748273.4877461734
    },
    "Sigma": {
      "count": 428,
      "mean": 4554.660379859708,
      "median": 1.6423085172983825,
      "std": 19181.044126446475,
      "min": 0.0,
      "max": 226275.00885047732
    },
    "Axiom": {
      "count": 1,