{
  "timestamp": "20260208T170813Z",
  "profile_source": "/home/fahbrain/projects/omnimind/data/reports/universe_map_plus_spectral_profiles_20260208T170137Z.jsonl",
  "ratio_median": 9121.347388759823,
  "summary": {
    "Aleph": {
      "z": {
        "count": 8324,
        "mean": 0.13440432056166046,
        "median": 0.0,
        "std": 0.4644796578357668
      },
      "gamma": {
        "count": 8324,
        "mean": 0.10778497263488807,
        "median": 0.054160429164767265,
        "std": 0.15043020195418866
      },
      "lyman": {
        "count": 8324,
        "mean": 0.04206800666511254,
        "median": 0.012074619997292757,
        "std": 0.07618634088618594
      },
      "ratio": {
        "count": 8324,
        "mean": 8839.123938036764,
        "median": 2.4756257078186366,
        "std": 37630.04194946792
      }
    },
    "Sigma": {
      "z": {
        "count": 427,
        "mean": 0.7942008239060738,
        "median": 0.5943587422370911,
        "std": 0.7373443981523414
      },
      "gamma": {
        "count": 428,
        "mean": 0.0918448398291067,
        "median": 0.04344526305794716,
        "std": 0.13592013278567877
      },
      "lyman": {
        "count": 428,
        "mean": 0.04076549039889076,
        "median": 0.013184875249862671,
        "std": 0.06814780951043876
      },
      "ratio": {
        "count": 428,
        "mean": 4554.660379859708,
        "median": 1.6423085172983825,
        "std": 19181.044126446475
      }
    },
    "Axiom": {
      "z": {
        "count": 0,
        "mean": 0.0,
        "median": 0.0,
        "std": 0.0
      },
      "gamma": {
        "count": 1,
        "mean": 0.0,
        "median": 0.0,
        "std": 0.0
      },
      "lyman": {
        "count": 1,
        "mean": 0.021539747714996338,
        "median": 0.021539747714996338,
        "std": 0.0
      },
      "ratio": {
        "count": 1,
        "mean": 0.0,
        "median": 0.0,
        "std": 0.0
      }
    },
    "Psi": {
      "z": {
        "count": 345,
        "mean": 0.751942571063175,
        "median": 0.5449935793876648,
        "std": 0.9628916185982315
      },
      "gamma": {
        "count": 346,
        "mean": 0.1020324661322759,
        "median": 0.059027379378676414,
        "std": 0.13397400717316568
      },
      "lyman": {
        "count": 346,
        "mean": 0.03979335017080365,
        "median": 0.012605598662048578,
        "std": 0.06590448100265661
      },
      "ratio": {
        "count": 346,
        "mean": 11913.616186802206,
        "median": 2.405348110123705,
        "std": 41590.89807111488
      }
    },
    "Phi": {
      "z": {
        "count": 1006,
        "mean": 0.8794706329005815,
        "median": 0.6432821452617645,
        "std": 0.9069277576130742
      },
      "gamma": {
        "count": 1006,
        "mean": 0.1096223102881586,
        "median": 0.05281290225684643,
        "std": 0.15252521502226754
      },
      "lyman": {
        "count": 1006,
        "mean": 0.04464838515188164,
        "median": 0.012222112156450748,
        "std": 0.08625276556505973
      },
      "ratio": {
        "count": 1006,
        "mean": 9206.365649480642,
        "median": 2.5773435823528064,
        "std": 44406.14143588987
      }
    },
    "Mu": {
      "z": {
        "count": 1141,
        "mean": 0.9180706865448302,
        "median": 0.6046294569969177,
        "std": 0.9203210360145042
      },
      "gamma": {
        "count": 1141,
        "mean": 0.10802099285269,
        "median": 0.05585716292262077,
        "std": 0.1441047321681718
      },
      "lyman": {
        "count": 1141,
        "mean": 0.04502037766216112,
        "median": 0.012820600531995296,
        "std": 0.07870381504071494
      },
      "ratio": {
        "count": 1141,
        "mean": 9604.139106984541,
        "median": 2.849798404775757,
        "std": 38383.684242819996
      }
    },
    "C_plit": {
      "z": {
        "count": 1246,
        "mean": 0.8545081920320534,
        "median": 0.5486297607421875,
        "std": 0.9507302051674602
      },
      "gamma": {
        "count": 1247,
        "mean": 0.10024233243233044,
        "median": 0.05136801302433014,
        "std": 0.14129803094514237
      },
      "lyman": {
        "count": 1247,
        "mean": 0.04098760401641599,
        "median": 0.012409863993525505,
        "std": 0.07464064598186895
      },
      "ratio": {
        "count": 1247,
        "mean": 9036.329128039002,
        "median": 2.7621784092299695,
        "std": 40305.707904474955
      }
    },
    "Lambda": {
      "z": {
        "count": 896,
        "mean": 1.0571207617564973,
        "median": 0.6953480839729309,
        "std": 0.9570674839197115
      },
      "gamma": {
        "count": 896,
        "mean": 0.11469041689497317,
        "median": 0.06177402846515179,
        "std": 0.1602173195335625
      },
      "lyman": {
        "count": 896,
        "mean": 0.038233746126439316,
        "median": 0.011326996609568596,
        "std": 0.07277745992756808
      },
      "ratio": {
        "count": 896,
        "mean": 10382.709421922216,
        "median": 2.961339553467853,
        "std": 45319.92939583427
      }
    },
    "Gamma": {
      "z": {
        "count": 442,
        "mean": 0.750447075370698,
        "median": 0.5217386484146118,
        "std": 0.8755916834457821
      },
      "gamma": {
        "count": 442,
        "mean": 0.11283869242970673,
        "median": 0.058319222182035446,
        "std": 0.1521558959648699
      },
      "lyman": {
        "count": 442,
        "mean": 0.04164132461692621,
        "median": 0.010386278852820396,
        "std": 0.08441255171661621
      },
      "ratio": {
        "count": 442,
        "mean": 11317.483194118526,
        "median": 2.1789660693304027,
        "std": 45047.15387452146
      }
    },
    "Epsilon": {
      "z": {
        "count": 0,
        "mean": 0.0,
        "median": 0.0,
        "std": 0.0
      },
      "gamma": {
        "count": 0,
        "mean": 0.0,
        "median": 0.0,
        "std": 0.0
      },
      "lyman": {
        "count": 0,
        "mean": 0.0,
        "median": 0.0,
        "std": 0.0
      },
      "ratio": {
        "count": 0,
        "mean": 0.0,
        "median": 0.0,
        "std": 0.0
      }
    },
    "Omega": {
      "z": {
        "count": 239,
        "mean": 0.7338609608165433,
        "median": 0.5388712286949158,
        "std": 0.8464817030189472
      },
      "gamma": {
        "count": 239,
        "mean": 0.12212287615882389,
        "median": 0.06040619686245918,
        "std": 0.17494418316695892
      },
      "lyman": {
        "count": 239,
        "mean": 0.03782565733242277,
        "median": 0.01080351322889328,
        "std": 0.06857561809182716
      },
      "ratio": {
        "count": 239,
        "mean": 7106.659911587961,
        "median": 5.097411455199094,
        "std": 24540.453793306588
      }
    },
    "Zeta": {
      "z": {
        "count": 934,
        "mean": 0.7321683066578079,
        "median": 0.540573388338089,
        "std": 0.7646798529340804
      },
      "gamma": {
        "count": 934,
        "mean": 0.1164433636704903,
        "median": 0.05706971138715744,
        "std": 0.16112851687351806
      },
      "lyman": {
        "count": 934,
        "mean": 0.045594509943062404,
        "median": 0.012641369830816984,
        "std": 0.08563369236687061
      },
      "ratio": {
        "count": 934,
        "mean": 9389.215445814945,
        "median": 2.4985287101618754,
        "std": 42590.84634085372
      }
    }
  },
  "heatmap": "/home/fahbrain/projects/omnimind/data/reports/universe_map_plus_spectral_heatmap_20260208T170813Z.png",
  "reading": "/home/fahbrain/projects/omnimind/data/reports/universe_map_plus_spectral_house_reading_20260208T170813Z.md"
}
