{
  "loop_ms": 74.27953099977458,
  "math_ms": 49.649833997439906,
  "hash_ms": 271.63127100114554,
  "compression_ms": 54.63484933473713,
  "timestamp": 1764041011.488037
}