{
  "write_throughput_mb_s": 1128.8020607320964,
  "read_throughput_mb_s": 8724.149037787858,
  "random_access_mb_s": 1013.7501502093163,
  "timestamp": 1763899250.74795
}