{
  "write_throughput_mb_s": 913.5718043696228,
  "read_throughput_mb_s": 7443.674643245271,
  "random_access_mb_s": 1026.7535504949135,
  "timestamp": 1764041031.1679895
}