{
  "init_ms": 16.275957998004742,
  "cpu_to_gpu_ms": 148.46091000072192,
  "matrix_mult_ms": 34.15561500150943,
  "gpu_to_cpu_ms": 126.7777719986043,
  "status": "OK"
}