{
  "memory_total": 24931753984,
  "memory_throughput_mb_s": [
    18384.076448869975,
    12069.645105263824
  ],
  "timestamp": 1764041025.956862
}