{
  "timestamp": 1764041420.5422008,
  "phase": "21",
  "environment": "production_native",
  "results": {
    "mcp": {
      "metrics": {
        "mean_time_ms": 9.853508559754118,
        "mean_memory_mb": 66.81859375,
        "mean_cpu_percent": 34.71
      },
      "regression": {
        "has_regression": true,
        "baseline_mean_time": 8.156333980005002,
        "current_mean_time": 9.853508559754118,
        "time_regression_percent": 20.808056461514294,
        "baseline_mean_memory": 67.012265625,
        "current_mean_memory": 66.81859375,
        "memory_regression_percent": -0.28900959129449316,
        "threshold": 10.0,
        "message": "\u26a0\ufe0f Performance regression detected: time +20.8%, memory +-0.3%"
      }
    },
    "backend": {
      "metrics": {
        "mean_time_ms": 21.37612675956916,
        "mean_memory_mb": 76.7815625,
        "mean_cpu_percent": 89.978
      },
      "regression": {
        "has_regression": false,
        "baseline_mean_time": 20.828850599646103,
        "current_mean_time": 21.37612675956916,
        "time_regression_percent": 2.6274909280512895,
        "baseline_mean_memory": 81.155546875,
        "current_mean_memory": 76.7815625,
        "memory_regression_percent": -5.38963083045578,
        "threshold": 10.0,
        "message": "\u2705 No regression detected: time +2.6%, memory -5.4%"
      }
    },
    "system": {
      "cpu_percent": 13.1,
      "memory_percent": 60.5,
      "disk_usage": 21.6
    }
  }
}