{
  "timestamp": 1764043756.811126,
  "phase": "21",
  "environment": "docker_container",
  "results": {
    "backend": {
      "metrics": {
        "mean_time_ms": 21.523340540443314,
        "mean_memory_mb": 48.55390625,
        "mean_cpu_percent": 89.786
      },
      "regression": {
        "has_regression": false,
        "baseline_mean_time": 24.693438756105024,
        "current_mean_time": 21.523340540443314,
        "time_regression_percent": -12.837815935530477,
        "baseline_mean_memory": 53.179156250000005,
        "current_mean_memory": 48.55390625,
        "memory_regression_percent": -8.697486620991675,
        "threshold": 10.0,
        "message": "\u2705 No regression detected: time -12.8%, memory -8.7%"
      }
    },
    "system": {
      "cpu_percent": 15.4,
      "memory_percent": 38.3,
      "disk_usage": 23.2
    }
  }
}