{
  "timestamp": "20260208T073837Z",
  "phi_source": "data/reports/universe_map_plus_phi_bright_20260207T185129Z.json",
  "tng50_source": "data/reports/cosmic_validator_20260207T201154Z.json",
  "redshift_stats": {
    "count": 50,
    "min": -0.003330348525196314,
    "max": 6.662031650543213,
    "mean": 1.2659443805736372,
    "median": 0.788599044084549
  },
  "bin_counts": {
    "0.0": 6,
    "0.1": 2,
    "0.2": 1,
    "0.3": 1,
    "0.4": 6,
    "0.7": 11,
    "1.0": 9,
    "1.5": 3,
    "2.0": 11
  },
  "weighted_dm_mean": 185.45168738254011,
  "weighted_rm_mean": -21.26425593455971
}