{
  "timestamp": "20260209T000546Z",
  "full_summary": "data/reports/qdrant_live_full_summary_20260209T000314Z.json",
  "sample_summary": "data/reports/qdrant_cemetery_map_summary_20260208T093209Z.json",
  "full_points": 1687186,
  "sample_points": 63781,
  "overlap_full_vs_sdss": {
    "cosine": 0.49847837293696484,
    "pearson": -0.10707029986751118
  },
  "overlap_sample_vs_sdss": {
    "cosine": 0.49514620347704597,
    "pearson": 0.05979829899099423
  },
  "house_pct_full": {
    "Aleph": 0.08330735319046033,
    "Sigma": 0.08366593843239571,
    "Axiom": 0.08338558997051895,
    "Psi": 0.08349583270605612,
    "Phi": 0.08326230777163869,
    "Mu": 0.08331565103076957,
    "C_plit": 0.08328897940120414,
    "Lambda": 0.08303411716313436,
    "Gamma": 0.08375958548731438,
    "Epsilon": 0.08335239860928197,
    "Omega": 0.08314080368139612,
    "Zeta": 0.08299144255582964
  },
  "house_pct_sample": {
    "Aleph": 0.08344177733180728,
    "Sigma": 0.08276759536539095,
    "Axiom": 0.08356720653486148,
    "Psi": 0.08381806494096988,
    "Phi": 0.08314388297455355,
    "Mu": 0.08477446261425817,
    "C_plit": 0.08281463131653627,
    "Lambda": 0.0834260986814255,
    "Gamma": 0.08433546040356846,
    "Epsilon": 0.08328499082798953,
    "Omega": 0.08220316395164705,
    "Zeta": 0.08242266505699189
  },
  "distribution_distance": {
    "kl_full_sample": 3.005379175972402e-05,
    "l1_full_sample": 0.006129881917274094
  },
  "delta_house_pct": {
    "Aleph": -0.00013442414134695602,
    "Sigma": 0.0008983430670047587,
    "Axiom": -0.0001816165643425266,
    "Psi": -0.00032223223491376074,
    "Phi": 0.00011842479708513987,
    "Mu": -0.001458811583488595,
    "C_plit": 0.0004743480846678694,
    "Lambda": -0.0003919815182911457,
    "Gamma": -0.0005758749162540766,
    "Epsilon": 6.740778129243896e-05,
    "Omega": 0.0009376397297490707,
    "Zeta": 0.0005687774988377553
  }
}