{
  "seed": 1,
  "final_phi": 0.7792653199462398,
  "convergence_cycle": 17,
  "phi_trajectory": [
    0.0,
    0.24963177477333015,
    0.4118757775376395,
    0.506649443908621,
    0.5563606564709674,
    0.5809923798789197,
    0.6004658532122141,
    0.6123620168086163,
    0.6217351555701672,
    0.6288209636411187,
    0.6354853440469843,
    0.6399580079087439,
    0.6435449481440466,
    0.6459366988569165,
    0.6489172719382711,
    0.651173863279407,
    0.6539250347111226,
    0.7518490338102048,
    0.7868221375545115,
    0.7792653199462398
  ],
  "loss_trajectory": [
    1.0324062078044902,
    0.8817085540494948,
    0.6173291497137682,
    0.4989416608344191,
    0.4354234031137287,
    0.40408898928390224,
    0.3819109578742358,
    0.36568043052112487,
    0.357494057209564,
    0.3472345131314216,
    0.3375549781738111,
    0.3340140586544187,
    0.3277093579806573,
    0.3264061837520499,
    0.32258427317868543,
    0.3193526921862766,
    0.3153382817482497,
    0.3021277070122359,
    0.30558980442127026,
    0.3167526627724988
  ],
  "converged": false,
  "execution_time_seconds": 353.912245,
  "timestamp": "2025-11-27T09:33:41.853203"
}