{
  "seed": 2,
  "final_phi": 0.7827073383343022,
  "convergence_cycle": 17,
  "phi_trajectory": [
    0.0,
    0.24985673391721025,
    0.411203628650774,
    0.513197353540968,
    0.5601312738984349,
    0.585845809677385,
    0.6037208943406057,
    0.6155839267609943,
    0.6239807871525701,
    0.6311399779811452,
    0.6362570571682211,
    0.6401410014613386,
    0.6435622053470628,
    0.6466291218904032,
    0.6494102156587259,
    0.6520800511338656,
    0.6544121709040742,
    0.7520171966166274,
    0.7888102290454541,
    0.7827073383343022
  ],
  "loss_trajectory": [
    1.0326793556157408,
    0.8749348110415989,
    0.61636068207955,
    0.49187972614178277,
    0.4309063816888784,
    0.3976829426962572,
    0.3751675935291239,
    0.3609098960771914,
    0.35152504571106913,
    0.34244150148219965,
    0.33627683537264513,
    0.32956485479941844,
    0.32486024207172415,
    0.3207528153814904,
    0.3180019833621033,
    0.3162441962389049,
    0.31250274996367156,
    0.2996140574164238,
    0.3030785052032756,
    0.31061657486108807
  ],
  "converged": false,
  "execution_time_seconds": 323.331508,
  "timestamp": "2025-11-27T09:39:05.186953"
}