{
  "seed": 3,
  "final_phi": 0.7788547305652991,
  "convergence_cycle": 17,
  "phi_trajectory": [
    0.0,
    0.2513807381343057,
    0.4145794298781313,
    0.5077894266801851,
    0.5538282394014397,
    0.5782120055623546,
    0.6000093860646123,
    0.6133178861512857,
    0.622037799716589,
    0.6290513661598298,
    0.6348169619947345,
    0.6405574431032671,
    0.6441358809907656,
    0.6469752826076197,
    0.6495126435928954,
    0.6521736606814476,
    0.6540375911972629,
    0.7505720678378697,
    0.7858723974800701,
    0.7788547305652991
  ],
  "loss_trajectory": [
    1.0323730993028533,
    0.8740949346893785,
    0.6114220995062186,
    0.49459554053004495,
    0.43710280897689446,
    0.40911042867238073,
    0.3818080016477259,
    0.364771854663162,
    0.3534476118987247,
    0.34496362387238355,
    0.3373949187951202,
    0.32882289509701834,
    0.3234981195334311,
    0.32130431929275133,
    0.31807341662672417,
    0.3145174976945188,
    0.312825592153702,
    0.3007156493633524,
    0.30641970293008136,
    0.3130288013023146
  ],
  "converged": false,
  "execution_time_seconds": 314.873524,
  "timestamp": "2025-11-27T09:44:20.063000"
}