{
  "seed": 4,
  "final_phi": 0.7828418084083114,
  "convergence_cycle": 17,
  "phi_trajectory": [
    0.0,
    0.2506020717260578,
    0.41765593465528267,
    0.5117394597910125,
    0.5553089728353747,
    0.5846223243085682,
    0.6008954130804267,
    0.6130358770434435,
    0.6225152346451781,
    0.6287388894345729,
    0.6362111115099257,
    0.6400854461004986,
    0.6431226323442223,
    0.6466162135995362,
    0.649329609650608,
    0.651867552578351,
    0.654142832844892,
    0.7533823658102277,
    0.7894179125892928,
    0.7828418084083114
  ],
  "loss_trajectory": [
    1.0327991886620864,
    0.877638996973836,
    0.6104409158875584,
    0.4905338667725939,
    0.43916395327807245,
    0.40200018121400855,
    0.3804367174111788,
    0.3647095644709087,
    0.35086306420462865,
    0.3443095240261929,
    0.33685654238099677,
    0.33091846849136025,
    0.32733539721368016,
    0.3233986090849799,
    0.3178794420205528,
    0.316911953839636,
    0.3147726092023277,
    0.30057990706108406,
    0.30687834435616246,
    0.3127600726820203
  ],
  "converged": false,
  "execution_time_seconds": 287.384648,
  "timestamp": "2025-11-27T09:49:07.448943"
}