{
  "seed": 0,
  "final_phi": 0.784378559894088,
  "convergence_cycle": 17,
  "phi_trajectory": [
    0.0,
    0.24955804028842046,
    0.416425373297296,
    0.5153636867835585,
    0.5592017398344473,
    0.5874305854873592,
    0.6044170815112738,
    0.6143913612584779,
    0.6236882805917133,
    0.6304193532244713,
    0.6362788729128053,
    0.6420228657538677,
    0.6466381552229481,
    0.6495155049548529,
    0.6523111693340442,
    0.6546137712866325,
    0.6565481625343388,
    0.7565485922503469,
    0.7913385283220374,
    0.784378559894088
  ],
  "loss_trajectory": [
    1.0322585441777832,
    0.8850953352756743,
    0.6140657560533997,
    0.4853210269819309,
    0.4309557006861292,
    0.3966020592319898,
    0.375442731777049,
    0.3643125081958721,
    0.3499082751943622,
    0.3413886671209259,
    0.3368587097373464,
    0.32832982548361017,
    0.3213844128783754,
    0.3198728716879991,
    0.31511209543331203,
    0.3098541218373921,
    0.309739705533482,
    0.29717499408306824,
    0.30195570255617266,
    0.31202567937419895
  ],
  "converged": false,
  "execution_time_seconds": 246.771171,
  "timestamp": "2025-11-27T09:27:47.939898"
}